ID,Language_ID,Primary_Text,Analyzed_Word,Gloss,Translated_Text,Meta_Language_ID,Comment,Text_ID,Part_of_Speech,wPOS,Other_Translation
453165,aka,nkoadaa fɛfɛɛfɛ no nyinaa ɛɛbayɛ ho na omɔshɛ atadeɛ kɔkɔɔ no ,n- akwadaa\\tfɛfɛɛfɛ\\tno\\tnyinaa\\tɛɛ- ba\\tyɛ\\tho\\tna\\tomɔ- shɛ\\tatadeɛ\\tkɔkɔɔ\\tno,PL- child.SBJ\\tbeautiful\\tDEF\\tall.DEF\\t- come.VEN\\tbe\\tthere.DXS.PROX\\tFOC\\t3PL- wear\\tdress\\tred\\tDEF,All the handsome children coming towards us they wear red dresses.,en,,examples.csv | part of TypeCraft Akan Corpus as used in CLDF Cookbook https://github.com/cldf/cookbook/blob/master/recipes/igt/cldf/examples.csv,,,
8.2,btz,khut mebelin ate te penuh hakhapen balik lah kalaki me tanoh alas khut medalan kiding memengketi nangkihe datas tanoh kakho .,khut\\tme- mbelin\\tate\\tte\\tpenuh\\thakhap -en\\tbhalik =lah\\tkalak\\tbhe\\ttanoh\\talas\\tkhut\\tme- dhalan kidhing\\tmeN- mengket N-...-i\\tnangkih\\tdhatas\\ttanoh\\tkakho,"with\\tto.be- large\\theart\\tand\\tto.be.full\\thope,to. -OBJ\\treturn.home,.to =FRONTED.ELEMENT\\t3mp\\tto,toward(a.place)\\tland\\t_\\twith\\tto.do- road foot\\tACT- enter,to DUR?\\tgo.up,climb\\ttop\\tland\\tKaro\\t_
",With encouragement and hope they returned to the Alas Land on foot entering the Karo highlands.,en,"This appears to be a translation of part of the story from https://kaisosogarcia.blogspot.com/2016/04/si-layakh-cerita-rakyat-dari-kutacane.html. However, I have been told the Alas is good in it.",1 - Si Layakh,prep\\tadj>v- adj\\tn\\tconn\\tv\\tv -v>n\\tvi =prt\\tpro\\tprep\\tn\\tnprop\\tprep\\tv>vi- n n\\tvt>???- v vi>vt\\tv\\tprep\\tn\\tnprop\\tpunct,prep\\tvi\\t\\tn\\tconn\\tvi\\tn\\t\\tvi\\t\\tpro\\tprep\\tn\\tnprop\\tprep\\tvi\\t\\t\\tvt\\t\\t\\tvi\\tprep\\tn\\tnprop\\tpunct,Dengan berbesar hati dan penuh harapan pulanglah mereka ke Tanah Alas dengan berjalan kaki memasuki dataran tinggi Tanah Karo.
GUM_conversation_scientist-4,eng,"And scientists are , are taking such control over the world these days, uh with their n- , you know , not the scientists , but what they've invented .","and\\tscientist\\tbe\\t,\\tbe\\ttake\\tsuch\\tcontrol\\tover\\tthe\\tworld\\tthis\\tday\\t,\\tuh\\twith\\ttheir\\t_\\t,\\tyou\\tknow\\t,\\tnot\\tthe\\tscientist\\t,\\tbut\\twhat\\tthey\\thave\\tinvented\\t.","_\\tPL\\tIND.PL.3.PRS.FIN\\t,\\tIND.PL.3.PRS.FIN\\tPRS.PTCP\\t_\\tSG\\t_\\tDEF.ART\\tSG\\tPL.DEM\\tPL\\t,\\t_\\t_\\tGEN.PL.3.POSS.PRS\\t_\\t,\\tNOM.SG.2.PRS\\tIND.SG.2.PRS.FIN\\t,\\tNEG\\tDEF.ART\\tPL\\t,\\t_\\t_\\tNOM.PL3.PERS\\tIND.PL3.PRS.FIN\\tPST.PTCP",,en,,GUM_conversation_scientist.conllu | Georgetown University Multilayer Corpus (GUM),coordconn\\tn\\taux\\tpunct\\taux\\tv\\tadj\\tn\\tadp\\tdet\\tn\\tdet\\tn\\tpunct\\tinterj\\tadp\\tpro\\tinterj\\tpunct\\tpro\\tv\\tpunct\\tprt\\tdet\\tn\\tpunct\\tcoordconn\\tpro\\tpro\\taux\\tv\\tpunct,coordconn\\tn\\taux\\tpunct\\taux\\tv\\tadj\\tn\\tadp\\tdet\\tn\\tdet\\tn\\tpunct\\tinterj\\tadp\\tpro\\tinterj\\tpunct\\tpro\\tv\\tpunct\\tprt\\tdet\\tn\\tpunct\\tcoordconn\\tpro\\t_\\tv\\tpunct,
1,rus,Ещё зимой в армиях ДНР и ЛНР было более 500 танков и тысяча боевых бронированных машин .,еще\\tзима\\tв\\tармия\\tДНР\\tи\\tЛНР\\tбыть\\tболее\\t500\\tтанк\\tи\\tтысяча\\tбоевой\\tбронированный\\tмашина\\t.,"POS\\tINAN.INS.FEM.SG\\t_\\tINAN.LOC.FEM.PL\\tABBR.GEO\\t_\\tABBR.GEO\\tIMP.NEUT.IND.SG.PST.FIN.ACT\\tCMPR.TOT\\tDIGIT.CARD\\tINAN.GEN.MASC.PL\\t_\\t_\\tGEN.POS.PL\\tGEN.POS.PL\\tINAN.GEN.FEM.PL\\t_
",,en,,ru_taiga-ud-test.conllu | Taiga Corpus,"adv\\tn\\tadp\\tn\\tnprop\\tcoordconn\\tnprop\\taux\\tadv\\tnum\\tn\\tcoordconn\\tn\\tadj\\tadj\\tn\\tpunct
","adv\\tn\\tadp\\t_\\tnprop\\tcoordconn\\tnprop\\taux\\tadv\\tnum\\tn\\tcoordconn\\tn\\tadj\\tadj\\tn\\tpunct
",
4290,cmn,"我 想 了 很 久 ，这 个 答案 或者 是 三 十 ， 或者 是 四 十 ，对 不 对？
",我\\t想\\t了\\t很\\t久\\t，\\t这\\t个\\t答案\\t或者\\t是\\t三\\t十\\t，\\t或者\\t是\\t四\\t十\\t，\\t对\\t不\\t对\\t？,1\\t_\\t_\\t_\\t_\\t_\\t_\\t_\\t_\\t_\\t_\\tCARD\\tCARD\\t_\\t_\\t_\\tCARD\\tCARD\\t_\\t_\\tNEG\\t_\\t_,"I've thought about it for a long time. The answer is either thirty or forty, right?",en,,zh_beginner-ud-test.conllu | the UD Chinese Beginner treebank,"pro\\tv\\taux\\tadv\\tadj\\tpunct\\tdet\\tn\\tn\\tcoordconn\\taux\\tnum\\tnum\\tpunct\\tcoordconn\\taux\\tnum\\tnum\\tpunct\\tadj\\tadv\\tadj\\tpunct
","pro\\tv\\taux\\tadv\\tadj\\tpunct\\tdet\\tn\\tn\\tcoordconn\\taux\\tnum\\tnum\\tpunct\\tcoordconn\\taux\\tnum\\tnum\\tpunct\\tadj\\tadv\\tadj\\t_
‎",
test-s28,hin,"इंदौर में जिस प्रकार से शेरोंवाली माँ की पूजा आस्था तथा विश्वास के साथ की जाती है उसी विश्वास के साथ कोलकाता में काली माँ की पूजा की जाती है ।
",इंदौर\\tमें\\tजो\\tप्रकार\\tसे\\tशेरोंवाली\\tमाँ\\tका\\tपूजा\\tआस्था\\tतथा\\tविश्वास\\tके\\tसाथ\\tकरना\\tजाना\\tहै\\tवह\\tविश्वास\\tके\\tसाथ\\tकोलकाता\\tमें\\tकाली\\tमाँ\\tका\\tपूजा\\tकरना\\tजाना\\tहै\\t।,"ACC.MASC.SG.3\\tPOST\\tACC.SG.3.DEM\\tACC.MASC.SG.3\\tPOST\\tNOM.FEM.SG.3\\tACC.FEM.SG.3\\tPOST.NOM.FEM.SG\\tNOM.FEM.SG.3\\tACC.FEM.SG.3\\t_\\tACC.MASC.SG.3\\tPOST\\tPOST.NOM.MASC.SG.3\\tPFV.FEM.SG.3.PTCP.ACT\\tIMPF.FEM.SG.PTCP\\tIND.SG.3.PRS.FIN\\tACC.SG.3.DEM\\tACC.MASC.SG.3\\tPOST\\tPOST.NOM.MASC.SG.3\\tACC.MASC.SG.3\\tPOST\\tNOM.FEM.SG.3\\tACC.FEM.SG.3\\tPOST.NOM.FEM.SG\\tNOM.FEM.SG.3\\tPFV.FEM.SG.3.PTCP.ACT\\tIMPF.FEM.SG.PTCP\\tIND.SG.3.PRS.FIN\\t_
",,en,,hi_hdtb-ud-test.conllu | Hindi UD treebank,"nprop\\tadp\\tdet\\tn\\tadp\\tnprop\\tnprop\\tadp\\tn\\tn\\tcoordconn\\tn\\tadp\\tadp\\tv\\taux\\taux\\tdet\\tn\\tadp\\tadp\\tnprop\\tadp\\tnprop\\tnprop\\tadp\\tn\\tv\\taux\\taux\\tpunct
",nprop\\tadp\\tdet\\tn\\tadp\\tnprop\\tnprop\\tadp\\tn\\tn\\tcoordconn\\tn\\tadp\\tadp\\tv\\taux\\taux\\tdet\\tn\\tadp\\tadp\\tnprop\\tadp\\tnprop\\tnprop\\tadp\\tn\\tv\\taux\\taux\\tpunct,
assabah.20041005.0017:p2u1,ara,"دمشق (وكالات الانباء) - اجرى الرئيس السوري بشار الاسد تعديلا حكومياً واسعا تم بموجبه إقالة وزيري الداخلية والاعلام عن منصبيها في حين ظل محمد ناجي العطري رئيساً للحكومة .
","دمشق\\t(\\tوِكَالَة\\tنَبَأ\\t)\\t-\\tأَجرَى\\tرَئِيس\\tسُورِيّ\\tبشار\\tالاسد\\tتَعدِيل\\tحُكُومِيّ\\tوَاسِع\\tتَمّ\\tب مُوجِب\\tإِقَالَة\\tوَزِير\\tدَاخِلِيّ\\tوَ إِعلَام\\tعَن مَنصِب\\tهُوَ\\tفي\\tحين\\tظَلّ\\tمحمد\\tناجي\\tالعطري\\tرَئِيس\\tلِ حُكُومَة\\t.
","NOM.CONSTR.PL\\tGEN.DEF.PL\\t_\\t_\\tPFV.MASC.SG.3.ACT\\tNOM.DEF.SG\\tNOM.DEF.MASC.SG\\t_\\t_\\tACC.NDEF.SG\\tACC.NDEF.MASC.SG\\tACC.NDEF.MASC.SG\\tPFV.MASC.SG.3.ACT\\tPREP GEN.CONST.SG\\tNOM.CONST.SG\\tGEN.CONST.DU\\tGEN.DEF.FEM.SG\\t_ GEN.DEF.SG\\tPREP\\tGEN.CONST.DU GEN.FEM.SG.3.PERS\\tPREP\\tPREP.GEN\\tPFV.MASC.SG.3.ACT\\t_\\t_\\t_\\tACC.NDEF.SG\\tPREP GEN.DEF.SG\\t_
",,en,,ar_padt-ud-test.conllu | the Arabic-PADT UD treebank,"_\\tpunct\\tn\\tn\\tpunct\\tpunct\\tv\\tn\\tadj\\t_\\t_\\tn\\tadj\\tadj\\tv\\tadp n\\tn\\tn\\tadj\\tcoordconn n\\tadp\\tn pro\\tadp\\tadp\\tv\\t_\\t_\\t_\\tn\\tadp n\\tpunct
","punct\\tn\\tn\\tpunct\\tpunct\\tv\\tn\\tadj\\t_\\t_\\tn\\tadj\\tadj\\tv\\tn\\tn\\tadj\\t_\\tadp\\t_\\tadp\\tadp\\tv\\t_\\t_\\t_\\tn\\t_\\tpunct
‎‎",
grammarbook_sjo_p5_97,sjo,"ᡝᠷᡝ ᠣᠴᡞ ᠠᠪᡣᠠᡞ ᠸᡝᡥᡞᠶᡝᡥᡝ ᡝᡪᡝᠨ ᡞ ᡥᡝᠰᡝ ᠪᡝ ᠠᠯᡞᡫᡞ , ᠮᡠᡣᡩᡝᠨ ᡞ ᡥᠠᠷᠠᡢᡤᠠ ᠪᠠ ᡩᡝᠷᡞ ᡨᠣᠮᡞᠯᠠᡫᡞ , ᡞᠯᡞ ᠪᠠ ᡩᡝ ᡨᡝᠪᡠᠨᡝᠮᡝ , ᡤᡠᠷᡠᠨ ᡞ ᡪᡝᠴᡝᠨ ᠪᡝ ᠰᡝᠷᡝᠮᡧᡝᠮᡝ ᡨᡠᠸᠠᡣᡞᠶᠠᠷᠠ ᡝᠮᡠ ᠮᡞᡢᡤᠠᠨ ᠰᡞᠪᡝ  ᡞ ᡥᠠᡫᠠᠨ ᠴᠣᡠᡥᠠ ᡞ ᡪᠠᡞ ᠮᡝᠶᡝᠨ ᡞᠨᡠ 。
","ᡝᠷᡝ\\tᠣᠴᡞ\\tᠠᠪᡣᠠᡞ\\tᠸᡝᡥᡞᠶᡝᡥᡝ\\tᡝᡪᡝᠨ\\tᡞ\\tᡥᡝᠰᡝ\\tᠪᡝ\\tᠠᠯᡞᠮᠪᡞ\\t,\\tᠮᡠᡣᡩᡝᠨ\\tᡞ\\tᡥᠠᠷᠠᡢᡤᠠ\\tᠪᠠ\\tᡩᡝᠷᡞ\\tᡨᠣᠮᡞᠯᠠᠮᠪᡞ\\t,\\tᡞᠯᡞ\\tᠪᠠ\\tᡩᡝ\\tᡨᡝᠪᡠᠨᡝᠮᠪᡞ\\t,\\tᡤᡠᠷᡠᠨ\\tᡞ\\tᡪᡝᠴᡝᠨ\\tᠪᡝ\\tᠰᡝᠷᡝᠮᡧᡝᠮᠪᡞ\\tᡨᡠᠸᠠᡣᡞᠶᠠᠮᠪᡞ\\tᡝᠮᡠ\\tᠮᡞᡢᡤᠠᠨ\\tᠰᡞᠪᡝ\\tᡞ\\tᡥᠠᡫᠠᠨ\\tᠴᠣᡠᡥᠠ\\tᡞ\\tᡪᠠᡞ\\tᠮᡝᠶᡝᠨ\\tᡞᠨᡠ\\t。",DEM\\t_\\t_\\t_\\t_\\tGEN\\t_\\tACC\\tPFV.CVB\\t_\\t_\\tGEN\\tDEM\\t_\\tABL\\tPFV.CVB\\tpunct\\t_\\t_\\tLAT\\tNPFV.CVB\\t_\\t_\\tGEN\\t_\\tACC\\tNPFV.CVB\\tNPFV.PTCP\\tCARD\\tCARD\\t_\\tGEN\\t_\\t_\\tGEN\\tORD\\t_\\t_\\t_, ‎This is the second batch among the 1000 soldiers who were selected from areas near Mukden and set off to defend the Ili border under the decree of the Qianlong Empero,en,,sjo_xdt-ud-test.conllu | UD Xibe Treebank,det\\taux\\tn\\tnprop\\tn\\tadp\\tn\\tadp\\tv\\tpunct\\tpro\\tadp\\tpro\\tn\\tadp\\tv\\tpunct\\tpro\\tn\\tadp\\tv\\tpunct\\tn\\tadp\\tn\\tadp\\tv\\tv\\tnum\\tnum\\tpro\\tadp\\tn\\tn\\tadp\\tnum\\tn\\tprt\\tpunct,"det\\taux\\tn\\tnprop\\tn\\tadp\\tn\\tadp\\tv\\tpunct\\tpro\\tadp\\tpro\\tn\\tadp\\tv\\tpunct\\tpro\\tn\\tadp\\tv\\tpunct\\tn\\tadp\\tn\\tadp\\tv\\tv\\tnum\\tnum\\tpro\\tadp\\tn\\tn\\tadp\\tnum\\tn\\tprt\\tpunct
‎",
